-- MySQL dump 10.13  Distrib 5.1.58, for debian-linux-gnu (x86_64)
--
-- Host: localhost    Database: paynedigital_test
-- ------------------------------------------------------
-- Server version	5.1.58-1ubuntu1

/*!40101 SET @OLD_CHARACTER_SET_CLIENT=@@CHARACTER_SET_CLIENT */;
/*!40101 SET @OLD_CHARACTER_SET_RESULTS=@@CHARACTER_SET_RESULTS */;
/*!40101 SET @OLD_COLLATION_CONNECTION=@@COLLATION_CONNECTION */;
/*!40101 SET NAMES utf8 */;
/*!40103 SET @OLD_TIME_ZONE=@@TIME_ZONE */;
/*!40103 SET TIME_ZONE='+00:00' */;
/*!40014 SET @OLD_UNIQUE_CHECKS=@@UNIQUE_CHECKS, UNIQUE_CHECKS=0 */;
/*!40014 SET @OLD_FOREIGN_KEY_CHECKS=@@FOREIGN_KEY_CHECKS, FOREIGN_KEY_CHECKS=0 */;
/*!40101 SET @OLD_SQL_MODE=@@SQL_MODE, SQL_MODE='NO_AUTO_VALUE_ON_ZERO' */;
/*!40111 SET @OLD_SQL_NOTES=@@SQL_NOTES, SQL_NOTES=0 */;

--
-- Table structure for table `comments`
--

DROP TABLE IF EXISTS `comments`;
/*!40101 SET @saved_cs_client     = @@character_set_client */;
/*!40101 SET character_set_client = utf8 */;
CREATE TABLE `comments` (
  `id` int(10) unsigned NOT NULL AUTO_INCREMENT,
  `post_id` int(10) unsigned NOT NULL,
  `ip` varchar(255) COLLATE utf8_unicode_ci NOT NULL,
  `name` varchar(255) COLLATE utf8_unicode_ci NOT NULL,
  `email` varchar(255) COLLATE utf8_unicode_ci NOT NULL,
  `content` text COLLATE utf8_unicode_ci NOT NULL,
  `approved` tinyint(4) NOT NULL,
  `approved_at` datetime NOT NULL,
  `created` datetime NOT NULL,
  `updated` datetime NOT NULL,
  `notifications` text COLLATE utf8_unicode_ci NOT NULL,
  PRIMARY KEY (`id`),
  KEY `post_id` (`post_id`),
  KEY `approved` (`approved`)
) ENGINE=MyISAM AUTO_INCREMENT=6 DEFAULT CHARSET=utf8 COLLATE=utf8_unicode_ci;
/*!40101 SET character_set_client = @saved_cs_client */;

--
-- Dumping data for table `comments`
--

LOCK TABLES `comments` WRITE;
/*!40000 ALTER TABLE `comments` DISABLE KEYS */;
INSERT INTO `comments` VALUES (1,3,'192.168.2.18','Test User 1','test@example.com','This is a test comment, Quisque vestibulum mauris ut odio sodales convallis. In molestie orci ut felis eleifend vel pretium diam feugiat. Aenean magna turpis, tempor et volutpat eget, scelerisque vel magna. Pellentesque in dolor nisi, sed viverra felis.',1,'2011-09-16 12:56:45','2011-09-16 12:56:45','2011-09-16 12:56:45','{\"email_on_new\":\"on\"}'),(2,3,'127.0.0.2','Test Person 2','test@example.com','This is a test message Donec tincidunt, mauris at dictum vestibulum, urna nulla pharetra turpis, a vulputate risus sapien id tortor. In augue felis, blandit non vestibulum vel, dignissim id nibh. Nunc gravida, purus eu vehicula hendrerit, libero massa dapibus velit, a egestas odio mi at tortor.',1,'2011-09-15 09:33:47','2011-09-15 09:33:47','2011-09-15 09:33:47','{\"email_on_new\":\"on\"}'),(3,3,'192.168.2.18','Another Tester','test5@example.com','This is another comment which has not been approved',0,'0000-00-00 00:00:00','2011-10-10 12:02:46','2011-10-10 12:02:46','{\"email_on_approval\":\"on\",\"email_on_new\":\"on\"}'),(4,1,'127.0.0.2','Mr Test','test3@example.com','This is a comment - it has not been approved.',0,'0000-00-00 00:00:00','2011-10-10 12:02:46','2011-10-10 12:02:46','{\"email_on_new\":\"on\"}'),(5,6,'67.166.8.3','A User','a.user@example.com','This comment has not been approved.',0,'2011-10-11 11:22:44','2011-10-10 12:18:02','2011-10-10 12:18:02','');
/*!40000 ALTER TABLE `comments` ENABLE KEYS */;
UNLOCK TABLES;

--
-- Table structure for table `contacts`
--

DROP TABLE IF EXISTS `contacts`;
/*!40101 SET @saved_cs_client     = @@character_set_client */;
/*!40101 SET character_set_client = utf8 */;
CREATE TABLE `contacts` (
  `id` int(11) NOT NULL AUTO_INCREMENT,
  `name` varchar(255) COLLATE utf8_unicode_ci NOT NULL,
  `email` varchar(255) COLLATE utf8_unicode_ci NOT NULL,
  `content` text COLLATE utf8_unicode_ci NOT NULL,
  `created` datetime NOT NULL,
  `updated` datetime NOT NULL,
  PRIMARY KEY (`id`)
) ENGINE=MyISAM AUTO_INCREMENT=7 DEFAULT CHARSET=utf8 COLLATE=utf8_unicode_ci;
/*!40101 SET character_set_client = @saved_cs_client */;

--
-- Dumping data for table `contacts`
--

LOCK TABLES `contacts` WRITE;
/*!40000 ALTER TABLE `contacts` DISABLE KEYS */;
INSERT INTO `contacts` VALUES (1,'Test Person','test@example.com','This is a test message','2011-09-16 11:17:36','2011-09-16 11:17:36'),(2,'Test Person','test@example.com','This is a test message','2011-09-16 12:56:47','2011-09-16 12:56:47'),(3,'Test Person','test@example.com','This is a test message','2011-09-16 13:47:55','2011-09-16 13:47:55'),(4,'Test Person','test@example.com','This is a test message','2011-09-16 13:54:04','2011-09-16 13:54:04'),(5,'Test Person','test@example.com','This is a test message','2011-09-16 14:17:02','2011-09-16 14:17:02'),(6,'Test Person','test@example.com','This is a test message','2011-09-16 14:17:19','2011-09-16 14:17:19');
/*!40000 ALTER TABLE `contacts` ENABLE KEYS */;
UNLOCK TABLES;

--
-- Table structure for table `posts`
--

DROP TABLE IF EXISTS `posts`;
/*!40101 SET @saved_cs_client     = @@character_set_client */;
/*!40101 SET character_set_client = utf8 */;
CREATE TABLE `posts` (
  `id` int(10) unsigned NOT NULL AUTO_INCREMENT,
  `user_id` int(10) unsigned NOT NULL,
  `title` varchar(255) COLLATE utf8_unicode_ci NOT NULL,
  `url` varchar(255) COLLATE utf8_unicode_ci NOT NULL,
  `introduction` text COLLATE utf8_unicode_ci NOT NULL,
  `content` text COLLATE utf8_unicode_ci NOT NULL,
  `published` datetime NOT NULL,
  `status` enum('DRAFT','PUBLISHED','DELETED') COLLATE utf8_unicode_ci NOT NULL,
  `created` datetime NOT NULL,
  `updated` datetime NOT NULL,
  `tags` varchar(255) COLLATE utf8_unicode_ci NOT NULL,
  `head_block` text COLLATE utf8_unicode_ci NOT NULL,
  `script_block` text COLLATE utf8_unicode_ci NOT NULL,
  PRIMARY KEY (`id`),
  KEY `url` (`url`),
  KEY `user_id` (`user_id`),
  KEY `published` (`published`),
  KEY `status` (`status`),
  KEY `tags` (`tags`)
) ENGINE=MyISAM AUTO_INCREMENT=8 DEFAULT CHARSET=utf8 COLLATE=utf8_unicode_ci;
/*!40101 SET character_set_client = @saved_cs_client */;

--
-- Dumping data for table `posts`
--

LOCK TABLES `posts` WRITE;
/*!40000 ALTER TABLE `posts` DISABLE KEYS */;
INSERT INTO `posts` VALUES (1,1,'This Is A Test Post','this-is-a-test-post','','<p>This is simply a test post.</p>\r\n<p>It doesn\'t do <strong>much</strong> <em>at</em> <small>all</small>.','2011-09-14 17:34:41','PUBLISHED','2011-09-14 17:34:41','2011-09-14 17:34:41','|web|apache|music|test|','<link rel=\"stylesheet\" type=\"text/css\" href=\"/foo/bar.css\" />','<script type=\"text/javascript\" src=\"/foo/bar.js\"></script>'),(2,1,'This post hasn\'t been published','not-published-yet','','<p>This post hasn\'t been published yet.</p>','2010-01-01 12:00:00','DRAFT','2011-09-14 17:34:41','2011-09-14 17:34:41','|apache|test|','',''),(3,2,'Another Test Post','another-test-post','','<p>This test post doesn\'t do much either - it\'s only here to test that posts appear in the correct order.</p>','2011-09-14 18:13:47','PUBLISHED','2011-09-14 18:13:47','2011-09-14 18:13:47','|test|php|apache|','',''),(4,1,'This Post Has Been Deleted','this-post-has-been-deleted','','<p>Oh well. Nevermind.</p>','2011-09-15 14:43:11','DELETED','2011-09-15 14:43:11','2011-09-15 14:43:11','|test|','',''),(5,1,'This post will be published in the future','this-post-will-be-published-in-future','','<p>This is a test post to check that posts marked with a status of \'published\' don\'t appear until their published date.</p>','2021-01-01 00:00:00','PUBLISHED','2011-09-17 11:40:16','2011-09-17 11:40:16','|test|published|','',''),(6,2,'Testing Tags','testing-tags','','<p>This post just tests tags with spaces.</p>','2011-09-11 12:32:08','PUBLISHED','2011-09-11 12:32:08','2011-09-11 12:32:08','|test|Server Administration|node.js|','',''),(7,2,'Just A Test','just-a-test','','<p>This is just a test post. It has no tags.</p>','2011-07-01 00:00:00','PUBLISHED','2011-07-01 00:00:00','2011-07-01 00:00:00','','','');
/*!40000 ALTER TABLE `posts` ENABLE KEYS */;
UNLOCK TABLES;

--
-- Table structure for table `previews`
--

DROP TABLE IF EXISTS `previews`;
/*!40101 SET @saved_cs_client     = @@character_set_client */;
/*!40101 SET character_set_client = utf8 */;
CREATE TABLE `previews` (
  `id` int(10) unsigned NOT NULL AUTO_INCREMENT,
  `created` datetime NOT NULL,
  `updated` datetime NOT NULL,
  `user_id` int(10) unsigned NOT NULL,
  `post_id` int(10) unsigned NOT NULL,
  `quantity` int(11) NOT NULL,
  `identifier` varchar(255) COLLATE utf8_unicode_ci NOT NULL,
  PRIMARY KEY (`id`),
  KEY `identifier` (`identifier`),
  KEY `user_id` (`user_id`),
  KEY `post_id` (`post_id`)
) ENGINE=MyISAM AUTO_INCREMENT=4 DEFAULT CHARSET=utf8 COLLATE=utf8_unicode_ci;
/*!40101 SET character_set_client = @saved_cs_client */;

--
-- Dumping data for table `previews`
--

LOCK TABLES `previews` WRITE;
/*!40000 ALTER TABLE `previews` DISABLE KEYS */;
INSERT INTO `previews` VALUES (3,'2011-09-30 12:00:00','2011-09-30 12:13:00',1,2,0,'BxF45sZf'),(2,'2011-09-30 13:28:31','2011-09-30 13:28:31',1,2,1,'AbDx041F');
/*!40000 ALTER TABLE `previews` ENABLE KEYS */;
UNLOCK TABLES;

--
-- Table structure for table `related_posts`
--

DROP TABLE IF EXISTS `related_posts`;
/*!40101 SET @saved_cs_client     = @@character_set_client */;
/*!40101 SET character_set_client = utf8 */;
CREATE TABLE `related_posts` (
  `id` int(10) unsigned NOT NULL AUTO_INCREMENT,
  `created` datetime NOT NULL,
  `updated` datetime NOT NULL,
  `sort_order` int(11) NOT NULL,
  `post_id` int(11) NOT NULL,
  `related_post_id` int(10) unsigned NOT NULL,
  PRIMARY KEY (`id`),
  KEY `sort_order` (`sort_order`),
  KEY `post_id` (`post_id`),
  KEY `related_post_id` (`related_post_id`)
) ENGINE=MyISAM AUTO_INCREMENT=5 DEFAULT CHARSET=utf8 COLLATE=utf8_unicode_ci;
/*!40101 SET character_set_client = @saved_cs_client */;

--
-- Dumping data for table `related_posts`
--

LOCK TABLES `related_posts` WRITE;
/*!40000 ALTER TABLE `related_posts` DISABLE KEYS */;
INSERT INTO `related_posts` VALUES (1,'2011-12-19 10:38:40','2011-12-19 10:38:40',0,7,1),(2,'2011-12-19 10:38:40','2011-12-19 10:38:40',1,7,2),(3,'2011-12-19 11:00:25','2011-12-19 11:00:25',1,6,1),(4,'2011-12-19 11:00:25','2011-12-19 11:00:25',0,6,3);
/*!40000 ALTER TABLE `related_posts` ENABLE KEYS */;
UNLOCK TABLES;

--
-- Table structure for table `shortlinks`
--

DROP TABLE IF EXISTS `shortlinks`;
/*!40101 SET @saved_cs_client     = @@character_set_client */;
/*!40101 SET character_set_client = utf8 */;
CREATE TABLE `shortlinks` (
  `id` int(11) NOT NULL AUTO_INCREMENT,
  `url` varchar(16) COLLATE utf8_unicode_ci NOT NULL,
  `redirect_url` varchar(255) COLLATE utf8_unicode_ci NOT NULL,
  `created` datetime NOT NULL,
  `updated` datetime NOT NULL,
  PRIMARY KEY (`id`),
  KEY `url` (`url`)
) ENGINE=MyISAM AUTO_INCREMENT=4 DEFAULT CHARSET=utf8 COLLATE=utf8_unicode_ci;
/*!40101 SET character_set_client = @saved_cs_client */;

--
-- Dumping data for table `shortlinks`
--

LOCK TABLES `shortlinks` WRITE;
/*!40000 ALTER TABLE `shortlinks` DISABLE KEYS */;
INSERT INTO `shortlinks` VALUES (1,'/bootbox','/2011/11/bootbox-js-alert-confirm-dialogs-for-twitter-bootstrap','2011-12-03 18:01:43','2011-12-03 18:01:43'),(2,'/trello','https://trello.com/board/paynedigital-com/4eba7ed4538fd4a54b302e23','2011-12-03 18:01:43','2011-12-03 18:01:43'),(3,'/nodeflakes','/2011/12/nodeflakes','2011-12-03 18:02:03','2011-12-03 18:02:03');
/*!40000 ALTER TABLE `shortlinks` ENABLE KEYS */;
UNLOCK TABLES;

--
-- Table structure for table `test_emails`
--

DROP TABLE IF EXISTS `test_emails`;
/*!40101 SET @saved_cs_client     = @@character_set_client */;
/*!40101 SET character_set_client = utf8 */;
CREATE TABLE `test_emails` (
  `id` int(10) unsigned NOT NULL AUTO_INCREMENT,
  `to` varchar(255) COLLATE utf8_unicode_ci NOT NULL,
  `subject` varchar(255) COLLATE utf8_unicode_ci NOT NULL,
  `body` text COLLATE utf8_unicode_ci NOT NULL,
  `headers` text COLLATE utf8_unicode_ci NOT NULL,
  `from` varchar(255) COLLATE utf8_unicode_ci NOT NULL,
  `created` datetime NOT NULL,
  PRIMARY KEY (`id`)
) ENGINE=MyISAM AUTO_INCREMENT=137 DEFAULT CHARSET=utf8 COLLATE=utf8_unicode_ci;
/*!40101 SET character_set_client = @saved_cs_client */;

--
-- Dumping data for table `test_emails`
--

LOCK TABLES `test_emails` WRITE;
/*!40000 ALTER TABLE `test_emails` DISABLE KEYS */;
INSERT INTO `test_emails` VALUES (1,'nick@paynedigital.com','New comment submission (paynedigital.com)','A new comment has been submitted:\n\nPost: Just A Test (http://paynedigital.test/2011/07/just-a-test)\n\nName:       Comment 1\nEmail:      comment1@example.com\nIP Address: 192.168.2.18\n\nComment\n-------\ncomment 1\n','From: Comment 1 <comment1@example.com>','Comment 1 <comment1@example.com>','2011-12-05 12:39:48'),(2,'Comment 1 <comment1@example.com>','Your comment has been approved','Dear Comment 1,\n\nYour comment on the article \'Just A Test\' has been approved. Please feel free to visit the URL below to see your comment on the site:\n\nhttp://paynedigital.test/2011/07/just-a-test\n\nKind regards,\n\nPayne Digital\n--\nhttp://paynedigital.test/\n','From: noreply@paynedigital.com','noreply@paynedigital.com','2011-12-05 12:39:51'),(3,'nick@paynedigital.com','New comment submission (paynedigital.com)','A new comment has been submitted:\n\nPost: Just A Test (http://paynedigital.test/2011/07/just-a-test)\n\nName:       Comment 1\nEmail:      comment1@example.com\nIP Address: 192.168.2.18\n\nComment\n-------\ncomment 1\n','From: Comment 1 <comment1@example.com>','Comment 1 <comment1@example.com>','2011-12-05 12:45:12'),(4,'nick@paynedigital.com','New comment submission (paynedigital.com)','A new comment has been submitted:\n\nPost: Just A Test (http://paynedigital.test/2011/07/just-a-test)\n\nName:       Comment 1\nEmail:      comment1@example.com\nIP Address: 192.168.2.18\n\nComment\n-------\ncomment 1\n','From: Comment 1 <comment1@example.com>','Comment 1 <comment1@example.com>','2011-12-05 12:48:26'),(5,'Comment 1 <comment1@example.com>','Your comment has been approved','Dear Comment 1,\n\nYour comment on the article \'Just A Test\' has been approved. Please feel free to visit the URL below to see your comment on the site:\n\nhttp://paynedigital.test/2011/07/just-a-test\n\nKind regards,\n\nPayne Digital\n--\nhttp://paynedigital.test/\n','From: noreply@paynedigital.com','noreply@paynedigital.com','2011-12-05 12:48:29'),(6,'nick@paynedigital.com','New comment submission (paynedigital.com)','A new comment has been submitted:\n\nPost: Just A Test (http://paynedigital.test/2011/07/just-a-test)\n\nName:       Comment 1\nEmail:      comment1@example.com\nIP Address: 192.168.2.18\n\nComment\n-------\ncomment 1\n','From: Comment 1 <comment1@example.com>','Comment 1 <comment1@example.com>','2011-12-05 12:49:01'),(7,'Comment 1 <comment1@example.com>','Your comment has been approved','Dear Comment 1,\n\nYour comment on the article \'Just A Test\' has been approved. Please feel free to visit the URL below to see your comment on the site:\n\nhttp://paynedigital.test/2011/07/just-a-test\n\nKind regards,\n\nPayne Digital\n--\nhttp://paynedigital.test/\n','From: noreply@paynedigital.com','noreply@paynedigital.com','2011-12-05 12:49:07'),(8,'nick@paynedigital.com','New comment submission (paynedigital.com)','A new comment has been submitted:\n\nPost: Just A Test (http://paynedigital.test/2011/07/just-a-test)\n\nName:       Comment 1\nEmail:      comment1@example.com\nIP Address: 192.168.2.18\n\nComment\n-------\ncomment 1\n','From: Comment 1 <comment1@example.com>','Comment 1 <comment1@example.com>','2011-12-05 12:54:45'),(9,'nick@paynedigital.com','New comment submission (paynedigital.com)','A new comment has been submitted:\n\nPost: Just A Test (http://paynedigital.test/2011/07/just-a-test)\n\nName:       Comment 1\nEmail:      comment1@example.com\nIP Address: 192.168.2.18\n\nComment\n-------\ncomment 1\n','From: Comment 1 <comment1@example.com>','Comment 1 <comment1@example.com>','2011-12-05 12:58:29'),(10,'nick@paynedigital.com','New comment submission (paynedigital.com)','A new comment has been submitted:\n\nPost: Just A Test (http://paynedigital.test/2011/07/just-a-test)\n\nName:       Comment 1\nEmail:      comment1@example.com\nIP Address: 192.168.2.18\n\nComment\n-------\ncomment 1\n','From: Comment 1 <comment1@example.com>','Comment 1 <comment1@example.com>','2011-12-05 12:59:20'),(11,'nick@paynedigital.com','New comment submission (paynedigital.com)','A new comment has been submitted:\n\nPost: Just A Test (http://paynedigital.test/2011/07/just-a-test)\n\nName:       Comment 1\nEmail:      comment1@example.com\nIP Address: 192.168.2.18\n\nComment\n-------\ncomment 1\n','From: Comment 1 <comment1@example.com>','Comment 1 <comment1@example.com>','2011-12-05 13:01:41'),(12,'nick@paynedigital.com','New comment submission (paynedigital.com)','A new comment has been submitted:\n\nPost: Just A Test (http://paynedigital.test/2011/07/just-a-test)\n\nName:       Comment 1\nEmail:      comment1@example.com\nIP Address: 192.168.2.18\n\nComment\n-------\ncomment 1\n','From: Comment 1 <comment1@example.com>','Comment 1 <comment1@example.com>','2011-12-05 13:02:21'),(13,'Comment 1 <comment1@example.com>','Your comment has been approved','Dear Comment 1,\n\nYour comment on the article \'Just A Test\' has been approved. Please feel free to visit the URL below to see your comment on the site:\n\nhttp://paynedigital.test/2011/07/just-a-test\n\nKind regards,\n\nPayne Digital\n--\nhttp://paynedigital.test/\n','From: noreply@paynedigital.com','noreply@paynedigital.com','2011-12-05 13:02:24'),(14,'nick@paynedigital.com','New comment submission (paynedigital.com)','A new comment has been submitted:\n\nPost: Just A Test (http://paynedigital.test/2011/07/just-a-test)\n\nName:       Comment 1\nEmail:      comment1@example.com\nIP Address: 192.168.2.18\n\nComment\n-------\ncomment 1\n','From: Comment 1 <comment1@example.com>','Comment 1 <comment1@example.com>','2011-12-05 13:04:21'),(15,'Comment 1 <comment1@example.com>','Your comment has been approved','Dear Comment 1,\n\nYour comment on the article \'Just A Test\' has been approved. Please feel free to visit the URL below to see your comment on the site:\n\nhttp://paynedigital.test/2011/07/just-a-test\n\nKind regards,\n\nPayne Digital\n--\nhttp://paynedigital.test/\n','From: noreply@paynedigital.com','noreply@paynedigital.com','2011-12-05 13:04:25'),(16,'nick@paynedigital.com','New comment submission (paynedigital.com)','A new comment has been submitted:\n\nPost: Just A Test (http://paynedigital.test/2011/07/just-a-test)\n\nName:       Comment 1\nEmail:      comment1@example.com\nIP Address: 192.168.2.18\n\nComment\n-------\ncomment 1\n','From: Comment 1 <comment1@example.com>','Comment 1 <comment1@example.com>','2011-12-05 13:04:58'),(17,'nick@paynedigital.com','New comment submission (paynedigital.com)','A new comment has been submitted:\n\nPost: Just A Test (http://paynedigital.test/2011/07/just-a-test)\n\nName:       Comment 1\nEmail:      comment1@example.com\nIP Address: 192.168.2.18\n\nComment\n-------\ncomment 1\n','From: Comment 1 <comment1@example.com>','Comment 1 <comment1@example.com>','2011-12-05 13:05:56'),(18,'Comment 1 <comment1@example.com>','Your comment has been approved','Dear Comment 1,\n\nYour comment on the article \'Just A Test\' has been approved. Please feel free to visit the URL below to see your comment on the site:\n\nhttp://paynedigital.test/2011/07/just-a-test\n\nKind regards,\n\nPayne Digital\n--\nhttp://paynedigital.test/\n','From: noreply@paynedigital.com','noreply@paynedigital.com','2011-12-05 13:05:59'),(19,'nick@paynedigital.com','New comment submission (paynedigital.com)','A new comment has been submitted:\n\nPost: Just A Test (http://paynedigital.test/2011/07/just-a-test)\n\nName:       Comment 1\nEmail:      comment1@example.com\nIP Address: 192.168.2.18\n\nComment\n-------\ncomment 1\n','From: Comment 1 <comment1@example.com>','Comment 1 <comment1@example.com>','2011-12-05 13:07:13'),(20,'Comment 1 <comment1@example.com>','Your comment has been approved','Dear Comment 1,\n\nYour comment on the article \'Just A Test\' has been approved. Please feel free to visit the URL below to see your comment on the site:\n\nhttp://paynedigital.test/2011/07/just-a-test\n\nKind regards,\n\nPayne Digital\n--\nhttp://paynedigital.test/\n','From: noreply@paynedigital.com','noreply@paynedigital.com','2011-12-05 13:07:16'),(21,'nick@paynedigital.com','New comment submission (paynedigital.com)','A new comment has been submitted:\n\nPost: Just A Test (http://paynedigital.test/2011/07/just-a-test)\n\nName:       Comment 1\nEmail:      comment1@example.com\nIP Address: 192.168.2.18\n\nComment\n-------\ncomment 1\n','From: Comment 1 <comment1@example.com>','Comment 1 <comment1@example.com>','2011-12-05 13:08:10'),(22,'Comment 1 <comment1@example.com>','Your comment has been approved','Dear Comment 1,\n\nYour comment on the article \'Just A Test\' has been approved. Please feel free to visit the URL below to see your comment on the site:\n\nhttp://paynedigital.test/2011/07/just-a-test\n\nKind regards,\n\nPayne Digital\n--\nhttp://paynedigital.test/\n','From: noreply@paynedigital.com','noreply@paynedigital.com','2011-12-05 13:08:14'),(23,'nick@paynedigital.com','New comment submission (paynedigital.com)','A new comment has been submitted:\n\nPost: Just A Test (http://paynedigital.test/2011/07/just-a-test)\n\nName:       Comment 1\nEmail:      comment1@example.com\nIP Address: 192.168.2.18\n\nComment\n-------\ncomment 1\n','From: Comment 1 <comment1@example.com>','Comment 1 <comment1@example.com>','2011-12-05 13:09:22'),(24,'Comment 1 <comment1@example.com>','Your comment has been approved','Dear Comment 1,\n\nYour comment on the article \'Just A Test\' has been approved. Please feel free to visit the URL below to see your comment on the site:\n\nhttp://paynedigital.test/2011/07/just-a-test\n\nKind regards,\n\nPayne Digital\n--\nhttp://paynedigital.test/\n','From: noreply@paynedigital.com','noreply@paynedigital.com','2011-12-05 13:09:28'),(25,'nick@paynedigital.com','New comment submission (paynedigital.com)','A new comment has been submitted:\n\nPost: Just A Test (http://paynedigital.test/2011/07/just-a-test)\n\nName:       Comment 1\nEmail:      comment1@example.com\nIP Address: 192.168.2.18\n\nComment\n-------\ncomment 1\n','From: Comment 1 <comment1@example.com>','Comment 1 <comment1@example.com>','2011-12-05 13:13:48'),(26,'Comment 1 <comment1@example.com>','Your comment has been approved','Dear Comment 1,\n\nYour comment on the article \'Just A Test\' has been approved. Please feel free to visit the URL below to see your comment on the site:\n\nhttp://paynedigital.test/2011/07/just-a-test\n\nKind regards,\n\nPayne Digital\n--\nhttp://paynedigital.test/\n','From: noreply@paynedigital.com','noreply@paynedigital.com','2011-12-05 13:13:51'),(27,'nick@paynedigital.com','New comment submission (paynedigital.com)','A new comment has been submitted:\n\nPost: Just A Test (http://paynedigital.test/2011/07/just-a-test)\n\nName:       Comment 2\nEmail:      comment2@example.com\nIP Address: 192.168.2.18\n\nComment\n-------\ncomment 2\n','From: Comment 2 <comment2@example.com>','Comment 2 <comment2@example.com>','2011-12-05 13:13:53'),(28,'nick@paynedigital.com','New comment submission (paynedigital.com)','A new comment has been submitted:\n\nPost: Just A Test (http://paynedigital.test/2011/07/just-a-test)\n\nName:       Comment 1\nEmail:      comment1@example.com\nIP Address: 192.168.2.18\n\nComment\n-------\ncomment 1\n','From: Comment 1 <comment1@example.com>','Comment 1 <comment1@example.com>','2011-12-05 13:14:29'),(29,'Comment 1 <comment1@example.com>','Your comment has been approved','Dear Comment 1,\n\nYour comment on the article \'Just A Test\' has been approved. Please feel free to visit the URL below to see your comment on the site:\n\nhttp://paynedigital.test/2011/07/just-a-test\n\nKind regards,\n\nPayne Digital\n--\nhttp://paynedigital.test/\n','From: noreply@paynedigital.com','noreply@paynedigital.com','2011-12-05 13:14:33'),(30,'nick@paynedigital.com','New comment submission (paynedigital.com)','A new comment has been submitted:\n\nPost: Just A Test (http://paynedigital.test/2011/07/just-a-test)\n\nName:       Comment 2\nEmail:      comment2@example.com\nIP Address: 192.168.2.18\n\nComment\n-------\ncomment 2\n','From: Comment 2 <comment2@example.com>','Comment 2 <comment2@example.com>','2011-12-05 13:14:35'),(31,'Comment 2 <comment2@example.com>','Your comment has been approved','Dear Comment 2,\n\nYour comment on the article \'Just A Test\' has been approved. Please feel free to visit the URL below to see your comment on the site:\n\nhttp://paynedigital.test/2011/07/just-a-test\n\nKind regards,\n\nPayne Digital\n--\nhttp://paynedigital.test/\n','From: noreply@paynedigital.com','noreply@paynedigital.com','2011-12-05 13:14:37'),(32,'Comment 1 <comment1@example.com>','A new comment has been added','Dear Comment 1,\n\nA new comment has been added on the article \'Just A Test\'. Please feel free to visit the URL below to\nsee the comment on the site:\n\nhttp://paynedigital.test/2011/07/just-a-test\n\nYou\'ve received this email because you previously stated you wanted to receive notifications when\na new comment was added on this article. You instantly unsubscribe from further notifications about\nthis article by following the link below:\n\nhttp://paynedigital.test/comment-unsubscribe/ea5d531002d7a36b638a63792f5b0c472f0a42b6\n\nKind regards,\n\nPayne Digital\n--\nhttp://paynedigital.test/\n','From: noreply@paynedigital.com','noreply@paynedigital.com','2011-12-05 13:14:37'),(33,'nick@paynedigital.com','New comment submission (paynedigital.com)','A new comment has been submitted:\n\nPost: Just A Test (http://paynedigital.test/2011/07/just-a-test)\n\nName:       Comment 1\nEmail:      comment1@example.com\nIP Address: 192.168.2.18\n\nComment\n-------\ncomment 1\n','From: Comment 1 <comment1@example.com>','Comment 1 <comment1@example.com>','2011-12-05 13:15:13'),(34,'Comment 1 <comment1@example.com>','Your comment has been approved','Dear Comment 1,\n\nYour comment on the article \'Just A Test\' has been approved. Please feel free to visit the URL below to see your comment on the site:\n\nhttp://paynedigital.test/2011/07/just-a-test\n\nKind regards,\n\nPayne Digital\n--\nhttp://paynedigital.test/\n','From: noreply@paynedigital.com','noreply@paynedigital.com','2011-12-05 13:15:16'),(35,'nick@paynedigital.com','New comment submission (paynedigital.com)','A new comment has been submitted:\n\nPost: Just A Test (http://paynedigital.test/2011/07/just-a-test)\n\nName:       Comment 2\nEmail:      comment2@example.com\nIP Address: 192.168.2.18\n\nComment\n-------\ncomment 2\n','From: Comment 2 <comment2@example.com>','Comment 2 <comment2@example.com>','2011-12-05 13:15:18'),(36,'Comment 2 <comment2@example.com>','Your comment has been approved','Dear Comment 2,\n\nYour comment on the article \'Just A Test\' has been approved. Please feel free to visit the URL below to see your comment on the site:\n\nhttp://paynedigital.test/2011/07/just-a-test\n\nKind regards,\n\nPayne Digital\n--\nhttp://paynedigital.test/\n','From: noreply@paynedigital.com','noreply@paynedigital.com','2011-12-05 13:15:20'),(37,'Comment 1 <comment1@example.com>','A new comment has been added','Dear Comment 1,\n\nA new comment has been added on the article \'Just A Test\'. Please feel free to visit the URL below to\nsee the comment on the site:\n\nhttp://paynedigital.test/2011/07/just-a-test\n\nYou\'ve received this email because you previously stated you wanted to receive notifications when\na new comment was added on this article. You instantly unsubscribe from further notifications about\nthis article by following the link below:\n\nhttp://paynedigital.test/comment-unsubscribe/ea5d531002d7a36b638a63792f5b0c472f0a42b6\n\nKind regards,\n\nPayne Digital\n--\nhttp://paynedigital.test/\n','From: noreply@paynedigital.com','noreply@paynedigital.com','2011-12-05 13:15:20'),(38,'nick@paynedigital.com','New comment submission (paynedigital.com)','A new comment has been submitted:\n\nPost: Just A Test (http://paynedigital.test/2011/07/just-a-test)\n\nName:       Comment 1\nEmail:      comment1@example.com\nIP Address: 192.168.2.18\n\nComment\n-------\ncomment 1\n','From: Comment 1 <comment1@example.com>','Comment 1 <comment1@example.com>','2011-12-05 13:20:22'),(39,'Comment 1 <comment1@example.com>','Your comment has been approved','Dear Comment 1,\n\nYour comment on the article \'Just A Test\' has been approved. Please feel free to visit the URL below to see your comment on the site:\n\nhttp://paynedigital.test/2011/07/just-a-test\n\nKind regards,\n\nPayne Digital\n--\nhttp://paynedigital.test/\n','From: noreply@paynedigital.com','noreply@paynedigital.com','2011-12-05 13:20:26'),(40,'nick@paynedigital.com','New comment submission (paynedigital.com)','A new comment has been submitted:\n\nPost: Just A Test (http://paynedigital.test/2011/07/just-a-test)\n\nName:       Comment 2\nEmail:      comment2@example.com\nIP Address: 192.168.2.18\n\nComment\n-------\ncomment 2\n','From: Comment 2 <comment2@example.com>','Comment 2 <comment2@example.com>','2011-12-05 13:20:28'),(41,'Comment 2 <comment2@example.com>','Your comment has been approved','Dear Comment 2,\n\nYour comment on the article \'Just A Test\' has been approved. Please feel free to visit the URL below to see your comment on the site:\n\nhttp://paynedigital.test/2011/07/just-a-test\n\nKind regards,\n\nPayne Digital\n--\nhttp://paynedigital.test/\n','From: noreply@paynedigital.com','noreply@paynedigital.com','2011-12-05 13:20:30'),(42,'Comment 1 <comment1@example.com>','A new comment has been added','Dear Comment 1,\n\nA new comment has been added on the article \'Just A Test\'. Please feel free to visit the URL below to\nsee the comment on the site:\n\nhttp://paynedigital.test/2011/07/just-a-test\n\nYou\'ve received this email because you previously stated you wanted to receive notifications when\na new comment was added on this article. You instantly unsubscribe from further notifications about\nthis article by following the link below:\n\nhttp://paynedigital.test/comment-unsubscribe/ea5d531002d7a36b638a63792f5b0c472f0a42b6\n\nKind regards,\n\nPayne Digital\n--\nhttp://paynedigital.test/\n','From: noreply@paynedigital.com','noreply@paynedigital.com','2011-12-05 13:20:30'),(43,'nick@paynedigital.com','New comment submission (paynedigital.com)','A new comment has been submitted:\n\nPost: Just A Test (http://paynedigital.test/2011/07/just-a-test)\n\nName:       Comment 3\nEmail:      comment3@example.com\nIP Address: 192.168.2.18\n\nComment\n-------\ncomment 3\n','From: Comment 3 <comment3@example.com>','Comment 3 <comment3@example.com>','2011-12-05 13:20:31'),(44,'nick@paynedigital.com','New comment submission (paynedigital.com)','A new comment has been submitted:\n\nPost: Just A Test (http://paynedigital.test/2011/07/just-a-test)\n\nName:       Comment 1\nEmail:      comment1@example.com\nIP Address: 192.168.2.18\n\nComment\n-------\ncomment 1\n','From: Comment 1 <comment1@example.com>','Comment 1 <comment1@example.com>','2011-12-05 13:21:52'),(45,'Comment 1 <comment1@example.com>','Your comment has been approved','Dear Comment 1,\n\nYour comment on the article \'Just A Test\' has been approved. Please feel free to visit the URL below to see your comment on the site:\n\nhttp://paynedigital.test/2011/07/just-a-test\n\nKind regards,\n\nPayne Digital\n--\nhttp://paynedigital.test/\n','From: noreply@paynedigital.com','noreply@paynedigital.com','2011-12-05 13:21:55'),(46,'nick@paynedigital.com','New comment submission (paynedigital.com)','A new comment has been submitted:\n\nPost: Just A Test (http://paynedigital.test/2011/07/just-a-test)\n\nName:       Comment 2\nEmail:      comment2@example.com\nIP Address: 192.168.2.18\n\nComment\n-------\ncomment 2\n','From: Comment 2 <comment2@example.com>','Comment 2 <comment2@example.com>','2011-12-05 13:21:57'),(47,'Comment 2 <comment2@example.com>','Your comment has been approved','Dear Comment 2,\n\nYour comment on the article \'Just A Test\' has been approved. Please feel free to visit the URL below to see your comment on the site:\n\nhttp://paynedigital.test/2011/07/just-a-test\n\nKind regards,\n\nPayne Digital\n--\nhttp://paynedigital.test/\n','From: noreply@paynedigital.com','noreply@paynedigital.com','2011-12-05 13:21:59'),(48,'Comment 1 <comment1@example.com>','A new comment has been added','Dear Comment 1,\n\nA new comment has been added on the article \'Just A Test\'. Please feel free to visit the URL below to\nsee the comment on the site:\n\nhttp://paynedigital.test/2011/07/just-a-test\n\nYou\'ve received this email because you previously stated you wanted to receive notifications when\na new comment was added on this article. You instantly unsubscribe from further notifications about\nthis article by following the link below:\n\nhttp://paynedigital.test/comment-unsubscribe/ea5d531002d7a36b638a63792f5b0c472f0a42b6\n\nKind regards,\n\nPayne Digital\n--\nhttp://paynedigital.test/\n','From: noreply@paynedigital.com','noreply@paynedigital.com','2011-12-05 13:21:59'),(49,'nick@paynedigital.com','New comment submission (paynedigital.com)','A new comment has been submitted:\n\nPost: Just A Test (http://paynedigital.test/2011/07/just-a-test)\n\nName:       Comment 3\nEmail:      comment3@example.com\nIP Address: 192.168.2.18\n\nComment\n-------\ncomment 3\n','From: Comment 3 <comment3@example.com>','Comment 3 <comment3@example.com>','2011-12-05 13:22:01'),(50,'nick@paynedigital.com','New comment submission (paynedigital.com)','A new comment has been submitted:\n\nPost: Just A Test (http://paynedigital.test/2011/07/just-a-test)\n\nName:       Comment 1\nEmail:      comment1@example.com\nIP Address: 192.168.2.18\n\nComment\n-------\ncomment 1\n','From: Comment 1 <comment1@example.com>','Comment 1 <comment1@example.com>','2011-12-05 13:25:30'),(51,'Comment 1 <comment1@example.com>','Your comment has been approved','Dear Comment 1,\n\nYour comment on the article \'Just A Test\' has been approved. Please feel free to visit the URL below to see your comment on the site:\n\nhttp://paynedigital.test/2011/07/just-a-test\n\nKind regards,\n\nPayne Digital\n--\nhttp://paynedigital.test/\n','From: noreply@paynedigital.com','noreply@paynedigital.com','2011-12-05 13:25:33'),(52,'nick@paynedigital.com','New comment submission (paynedigital.com)','A new comment has been submitted:\n\nPost: Just A Test (http://paynedigital.test/2011/07/just-a-test)\n\nName:       Comment 2\nEmail:      comment2@example.com\nIP Address: 192.168.2.18\n\nComment\n-------\ncomment 2\n','From: Comment 2 <comment2@example.com>','Comment 2 <comment2@example.com>','2011-12-05 13:25:36'),(53,'Comment 2 <comment2@example.com>','Your comment has been approved','Dear Comment 2,\n\nYour comment on the article \'Just A Test\' has been approved. Please feel free to visit the URL below to see your comment on the site:\n\nhttp://paynedigital.test/2011/07/just-a-test\n\nKind regards,\n\nPayne Digital\n--\nhttp://paynedigital.test/\n','From: noreply@paynedigital.com','noreply@paynedigital.com','2011-12-05 13:25:38'),(54,'Comment 1 <comment1@example.com>','A new comment has been added','Dear Comment 1,\n\nA new comment has been added on the article \'Just A Test\'. Please feel free to visit the URL below to\nsee the comment on the site:\n\nhttp://paynedigital.test/2011/07/just-a-test\n\nYou\'ve received this email because you previously stated you wanted to receive notifications when\na new comment was added on this article. You instantly unsubscribe from further notifications about\nthis article by following the link below:\n\nhttp://paynedigital.test/comment-unsubscribe/ea5d531002d7a36b638a63792f5b0c472f0a42b6\n\nKind regards,\n\nPayne Digital\n--\nhttp://paynedigital.test/\n','From: noreply@paynedigital.com','noreply@paynedigital.com','2011-12-05 13:25:38'),(55,'nick@paynedigital.com','New comment submission (paynedigital.com)','A new comment has been submitted:\n\nPost: Just A Test (http://paynedigital.test/2011/07/just-a-test)\n\nName:       Comment 3\nEmail:      comment3@example.com\nIP Address: 192.168.2.18\n\nComment\n-------\ncomment 3\n','From: Comment 3 <comment3@example.com>','Comment 3 <comment3@example.com>','2011-12-05 13:25:39'),(56,'nick@paynedigital.com','New comment submission (paynedigital.com)','A new comment has been submitted:\n\nPost: Just A Test (http://paynedigital.test/2011/07/just-a-test)\n\nName:       Comment 1\nEmail:      comment1@example.com\nIP Address: 192.168.2.18\n\nComment\n-------\ncomment 1\n','From: Comment 1 <comment1@example.com>','Comment 1 <comment1@example.com>','2011-12-05 13:26:15'),(57,'Comment 1 <comment1@example.com>','Your comment has been approved','Dear Comment 1,\n\nYour comment on the article \'Just A Test\' has been approved. Please feel free to visit the URL below to see your comment on the site:\n\nhttp://paynedigital.test/2011/07/just-a-test\n\nKind regards,\n\nPayne Digital\n--\nhttp://paynedigital.test/\n','From: noreply@paynedigital.com','noreply@paynedigital.com','2011-12-05 13:26:18'),(58,'nick@paynedigital.com','New comment submission (paynedigital.com)','A new comment has been submitted:\n\nPost: Just A Test (http://paynedigital.test/2011/07/just-a-test)\n\nName:       Comment 2\nEmail:      comment2@example.com\nIP Address: 192.168.2.18\n\nComment\n-------\ncomment 2\n','From: Comment 2 <comment2@example.com>','Comment 2 <comment2@example.com>','2011-12-05 13:26:21'),(59,'Comment 2 <comment2@example.com>','Your comment has been approved','Dear Comment 2,\n\nYour comment on the article \'Just A Test\' has been approved. Please feel free to visit the URL below to see your comment on the site:\n\nhttp://paynedigital.test/2011/07/just-a-test\n\nKind regards,\n\nPayne Digital\n--\nhttp://paynedigital.test/\n','From: noreply@paynedigital.com','noreply@paynedigital.com','2011-12-05 13:26:23'),(60,'Comment 1 <comment1@example.com>','A new comment has been added','Dear Comment 1,\n\nA new comment has been added on the article \'Just A Test\'. Please feel free to visit the URL below to\nsee the comment on the site:\n\nhttp://paynedigital.test/2011/07/just-a-test\n\nYou\'ve received this email because you previously stated you wanted to receive notifications when\na new comment was added on this article. You instantly unsubscribe from further notifications about\nthis article by following the link below:\n\nhttp://paynedigital.test/comment-unsubscribe/ea5d531002d7a36b638a63792f5b0c472f0a42b6\n\nKind regards,\n\nPayne Digital\n--\nhttp://paynedigital.test/\n','From: noreply@paynedigital.com','noreply@paynedigital.com','2011-12-05 13:26:23'),(61,'nick@paynedigital.com','New comment submission (paynedigital.com)','A new comment has been submitted:\n\nPost: Just A Test (http://paynedigital.test/2011/07/just-a-test)\n\nName:       Comment 3\nEmail:      comment3@example.com\nIP Address: 192.168.2.18\n\nComment\n-------\ncomment 3\n','From: Comment 3 <comment3@example.com>','Comment 3 <comment3@example.com>','2011-12-05 13:26:24'),(62,'nick@paynedigital.com','New comment submission (paynedigital.com)','A new comment has been submitted:\n\nPost: Just A Test (http://paynedigital.test/2011/07/just-a-test)\n\nName:       Comment 1\nEmail:      comment1@example.com\nIP Address: 192.168.2.18\n\nComment\n-------\ncomment 1\n','From: Comment 1 <comment1@example.com>','Comment 1 <comment1@example.com>','2011-12-05 13:30:55'),(63,'Comment 1 <comment1@example.com>','Your comment has been approved','Dear Comment 1,\n\nYour comment on the article \'Just A Test\' has been approved. Please feel free to visit the URL below to see your comment on the site:\n\nhttp://paynedigital.test/2011/07/just-a-test\n\nKind regards,\n\nPayne Digital\n--\nhttp://paynedigital.test/\n','From: noreply@paynedigital.com','noreply@paynedigital.com','2011-12-05 13:30:58'),(64,'nick@paynedigital.com','New comment submission (paynedigital.com)','A new comment has been submitted:\n\nPost: Just A Test (http://paynedigital.test/2011/07/just-a-test)\n\nName:       Comment 2\nEmail:      comment2@example.com\nIP Address: 192.168.2.18\n\nComment\n-------\ncomment 2\n','From: Comment 2 <comment2@example.com>','Comment 2 <comment2@example.com>','2011-12-05 13:31:00'),(65,'Comment 2 <comment2@example.com>','Your comment has been approved','Dear Comment 2,\n\nYour comment on the article \'Just A Test\' has been approved. Please feel free to visit the URL below to see your comment on the site:\n\nhttp://paynedigital.test/2011/07/just-a-test\n\nKind regards,\n\nPayne Digital\n--\nhttp://paynedigital.test/\n','From: noreply@paynedigital.com','noreply@paynedigital.com','2011-12-05 13:31:02'),(66,'Comment 1 <comment1@example.com>','A new comment has been added','Dear Comment 1,\n\nA new comment has been added on the article \'Just A Test\'. Please feel free to visit the URL below to\nsee the comment on the site:\n\nhttp://paynedigital.test/2011/07/just-a-test\n\nYou\'ve received this email because you previously stated you wanted to receive notifications when\na new comment was added on this article. You instantly unsubscribe from further notifications about\nthis article by following the link below:\n\nhttp://paynedigital.test/comment-unsubscribe/ea5d531002d7a36b638a63792f5b0c472f0a42b6\n\nKind regards,\n\nPayne Digital\n--\nhttp://paynedigital.test/\n','From: noreply@paynedigital.com','noreply@paynedigital.com','2011-12-05 13:31:02'),(67,'nick@paynedigital.com','New comment submission (paynedigital.com)','A new comment has been submitted:\n\nPost: Just A Test (http://paynedigital.test/2011/07/just-a-test)\n\nName:       Comment 3\nEmail:      comment3@example.com\nIP Address: 192.168.2.18\n\nComment\n-------\ncomment 3\n','From: Comment 3 <comment3@example.com>','Comment 3 <comment3@example.com>','2011-12-05 13:31:04'),(68,'nick@paynedigital.com','New comment submission (paynedigital.com)','A new comment has been submitted:\n\nPost: Just A Test (http://paynedigital.test/2011/07/just-a-test)\n\nName:       Comment 1\nEmail:      comment1@example.com\nIP Address: 192.168.2.18\n\nComment\n-------\ncomment 1\n','From: Comment 1 <comment1@example.com>','Comment 1 <comment1@example.com>','2011-12-05 13:31:49'),(69,'Comment 1 <comment1@example.com>','Your comment has been approved','Dear Comment 1,\n\nYour comment on the article \'Just A Test\' has been approved. Please feel free to visit the URL below to see your comment on the site:\n\nhttp://paynedigital.test/2011/07/just-a-test\n\nKind regards,\n\nPayne Digital\n--\nhttp://paynedigital.test/\n','From: noreply@paynedigital.com','noreply@paynedigital.com','2011-12-05 13:31:52'),(70,'nick@paynedigital.com','New comment submission (paynedigital.com)','A new comment has been submitted:\n\nPost: Just A Test (http://paynedigital.test/2011/07/just-a-test)\n\nName:       Comment 2\nEmail:      comment2@example.com\nIP Address: 192.168.2.18\n\nComment\n-------\ncomment 2\n','From: Comment 2 <comment2@example.com>','Comment 2 <comment2@example.com>','2011-12-05 13:31:55'),(71,'Comment 2 <comment2@example.com>','Your comment has been approved','Dear Comment 2,\n\nYour comment on the article \'Just A Test\' has been approved. Please feel free to visit the URL below to see your comment on the site:\n\nhttp://paynedigital.test/2011/07/just-a-test\n\nKind regards,\n\nPayne Digital\n--\nhttp://paynedigital.test/\n','From: noreply@paynedigital.com','noreply@paynedigital.com','2011-12-05 13:31:57'),(72,'Comment 1 <comment1@example.com>','A new comment has been added','Dear Comment 1,\n\nA new comment has been added on the article \'Just A Test\'. Please feel free to visit the URL below to\nsee the comment on the site:\n\nhttp://paynedigital.test/2011/07/just-a-test\n\nYou\'ve received this email because you previously stated you wanted to receive notifications when\na new comment was added on this article. You instantly unsubscribe from further notifications about\nthis article by following the link below:\n\nhttp://paynedigital.test/comment-unsubscribe/ea5d531002d7a36b638a63792f5b0c472f0a42b6\n\nKind regards,\n\nPayne Digital\n--\nhttp://paynedigital.test/\n','From: noreply@paynedigital.com','noreply@paynedigital.com','2011-12-05 13:31:57'),(73,'nick@paynedigital.com','New comment submission (paynedigital.com)','A new comment has been submitted:\n\nPost: Just A Test (http://paynedigital.test/2011/07/just-a-test)\n\nName:       Comment 3\nEmail:      comment3@example.com\nIP Address: 192.168.2.18\n\nComment\n-------\ncomment 3\n','From: Comment 3 <comment3@example.com>','Comment 3 <comment3@example.com>','2011-12-05 13:31:58'),(74,'Comment 1 <comment1@example.com>','A new comment has been added','Dear Comment 1,\n\nA new comment has been added on the article \'Just A Test\'. Please feel free to visit the URL below to\nsee the comment on the site:\n\nhttp://paynedigital.test/2011/07/just-a-test\n\nYou\'ve received this email because you previously stated you wanted to receive notifications when\na new comment was added on this article. You instantly unsubscribe from further notifications about\nthis article by following the link below:\n\nhttp://paynedigital.test/comment-unsubscribe/ea5d531002d7a36b638a63792f5b0c472f0a42b6\n\nKind regards,\n\nPayne Digital\n--\nhttp://paynedigital.test/\n','From: noreply@paynedigital.com','noreply@paynedigital.com','2011-12-05 13:32:00'),(75,'Comment 2 <comment2@example.com>','A new comment has been added','Dear Comment 2,\n\nA new comment has been added on the article \'Just A Test\'. Please feel free to visit the URL below to\nsee the comment on the site:\n\nhttp://paynedigital.test/2011/07/just-a-test\n\nYou\'ve received this email because you previously stated you wanted to receive notifications when\na new comment was added on this article. You instantly unsubscribe from further notifications about\nthis article by following the link below:\n\nhttp://paynedigital.test/comment-unsubscribe/59831af7eb6e6f8d26b941d98958c100f4129f58\n\nKind regards,\n\nPayne Digital\n--\nhttp://paynedigital.test/\n','From: noreply@paynedigital.com','noreply@paynedigital.com','2011-12-05 13:32:00'),(76,'nick@paynedigital.com','New comment submission (paynedigital.com)','A new comment has been submitted:\n\nPost: Just A Test (http://paynedigital.test/2011/07/just-a-test)\n\nName:       Comment 1\nEmail:      comment1@example.com\nIP Address: 192.168.2.18\n\nComment\n-------\ncomment 1\n','From: Comment 1 <comment1@example.com>','Comment 1 <comment1@example.com>','2011-12-05 13:46:56'),(77,'Comment 1 <comment1@example.com>','Your comment has been approved','Dear Comment 1,\n\nYour comment on the article \'Just A Test\' has been approved. Please feel free to visit the URL below to see your comment on the site:\n\nhttp://paynedigital.test/2011/07/just-a-test\n\nKind regards,\n\nPayne Digital\n--\nhttp://paynedigital.test/\n','From: noreply@paynedigital.com','noreply@paynedigital.com','2011-12-05 13:46:59'),(78,'nick@paynedigital.com','New comment submission (paynedigital.com)','A new comment has been submitted:\n\nPost: Just A Test (http://paynedigital.test/2011/07/just-a-test)\n\nName:       Comment 2\nEmail:      comment2@example.com\nIP Address: 192.168.2.18\n\nComment\n-------\ncomment 2\n','From: Comment 2 <comment2@example.com>','Comment 2 <comment2@example.com>','2011-12-05 13:47:01'),(79,'Comment 2 <comment2@example.com>','Your comment has been approved','Dear Comment 2,\n\nYour comment on the article \'Just A Test\' has been approved. Please feel free to visit the URL below to see your comment on the site:\n\nhttp://paynedigital.test/2011/07/just-a-test\n\nKind regards,\n\nPayne Digital\n--\nhttp://paynedigital.test/\n','From: noreply@paynedigital.com','noreply@paynedigital.com','2011-12-05 13:47:03'),(80,'Comment 1 <comment1@example.com>','A new comment has been added','Dear Comment 1,\n\nA new comment has been added on the article \'Just A Test\'. Please feel free to visit the URL below to\nsee the comment on the site:\n\nhttp://paynedigital.test/2011/07/just-a-test\n\nYou\'ve received this email because you previously stated you wanted to receive notifications when\na new comment was added on this article. You instantly unsubscribe from further notifications about\nthis article by following the link below:\n\nhttp://paynedigital.test/comment-unsubscribe/ea5d531002d7a36b638a63792f5b0c472f0a42b6\n\nKind regards,\n\nPayne Digital\n--\nhttp://paynedigital.test/\n','From: noreply@paynedigital.com','noreply@paynedigital.com','2011-12-05 13:47:03'),(81,'nick@paynedigital.com','New comment submission (paynedigital.com)','A new comment has been submitted:\n\nPost: Just A Test (http://paynedigital.test/2011/07/just-a-test)\n\nName:       Comment 3\nEmail:      comment3@example.com\nIP Address: 192.168.2.18\n\nComment\n-------\ncomment 3\n','From: Comment 3 <comment3@example.com>','Comment 3 <comment3@example.com>','2011-12-05 13:47:04'),(82,'Comment 1 <comment1@example.com>','A new comment has been added','Dear Comment 1,\n\nA new comment has been added on the article \'Just A Test\'. Please feel free to visit the URL below to\nsee the comment on the site:\n\nhttp://paynedigital.test/2011/07/just-a-test\n\nYou\'ve received this email because you previously stated you wanted to receive notifications when\na new comment was added on this article. You instantly unsubscribe from further notifications about\nthis article by following the link below:\n\nhttp://paynedigital.test/comment-unsubscribe/ea5d531002d7a36b638a63792f5b0c472f0a42b6\n\nKind regards,\n\nPayne Digital\n--\nhttp://paynedigital.test/\n','From: noreply@paynedigital.com','noreply@paynedigital.com','2011-12-05 13:47:06'),(83,'Comment 2 <comment2@example.com>','A new comment has been added','Dear Comment 2,\n\nA new comment has been added on the article \'Just A Test\'. Please feel free to visit the URL below to\nsee the comment on the site:\n\nhttp://paynedigital.test/2011/07/just-a-test\n\nYou\'ve received this email because you previously stated you wanted to receive notifications when\na new comment was added on this article. You instantly unsubscribe from further notifications about\nthis article by following the link below:\n\nhttp://paynedigital.test/comment-unsubscribe/59831af7eb6e6f8d26b941d98958c100f4129f58\n\nKind regards,\n\nPayne Digital\n--\nhttp://paynedigital.test/\n','From: noreply@paynedigital.com','noreply@paynedigital.com','2011-12-05 13:47:06'),(84,'nick@paynedigital.com','New comment submission (paynedigital.com)','A new comment has been submitted:\n\nPost: Just A Test (http://paynedigital.test/2011/07/just-a-test)\n\nName:       Comment 4\nEmail:      comment4@example.com\nIP Address: 192.168.2.18\n\nComment\n-------\ncomment 4\n','From: Comment 4 <comment4@example.com>','Comment 4 <comment4@example.com>','2011-12-05 13:47:11'),(85,'Comment 2 <comment2@example.com>','A new comment has been added','Dear Comment 2,\n\nA new comment has been added on the article \'Just A Test\'. Please feel free to visit the URL below to\nsee the comment on the site:\n\nhttp://paynedigital.test/2011/07/just-a-test\n\nYou\'ve received this email because you previously stated you wanted to receive notifications when\na new comment was added on this article. You instantly unsubscribe from further notifications about\nthis article by following the link below:\n\nhttp://paynedigital.test/comment-unsubscribe/59831af7eb6e6f8d26b941d98958c100f4129f58\n\nKind regards,\n\nPayne Digital\n--\nhttp://paynedigital.test/\n','From: noreply@paynedigital.com','noreply@paynedigital.com','2011-12-05 13:47:13'),(86,'nick@paynedigital.com','New comment submission (paynedigital.com)','A new comment has been submitted:\n\nPost: Just A Test (http://paynedigital.test/2011/07/just-a-test)\n\nName:       Comment 5\nEmail:      comment5@example.com\nIP Address: 192.168.2.18\n\nComment\n-------\ncomment 5\n','From: Comment 5 <comment5@example.com>','Comment 5 <comment5@example.com>','2011-12-05 13:47:16'),(87,'nick@paynedigital.com','New comment submission (paynedigital.com)','A new comment has been submitted:\n\nPost: Just A Test (http://paynedigital.test/2011/07/just-a-test)\n\nName:       Comment 1\nEmail:      comment1@example.com\nIP Address: 192.168.2.18\n\nComment\n-------\ncomment 1\n','From: Comment 1 <comment1@example.com>','Comment 1 <comment1@example.com>','2011-12-05 13:48:58'),(88,'Comment 1 <comment1@example.com>','Your comment has been approved','Dear Comment 1,\n\nYour comment on the article \'Just A Test\' has been approved. Please feel free to visit the URL below to see your comment on the site:\n\nhttp://paynedigital.test/2011/07/just-a-test\n\nKind regards,\n\nPayne Digital\n--\nhttp://paynedigital.test/\n','From: noreply@paynedigital.com','noreply@paynedigital.com','2011-12-05 13:49:02'),(89,'nick@paynedigital.com','New comment submission (paynedigital.com)','A new comment has been submitted:\n\nPost: Just A Test (http://paynedigital.test/2011/07/just-a-test)\n\nName:       Comment 2\nEmail:      comment2@example.com\nIP Address: 192.168.2.18\n\nComment\n-------\ncomment 2\n','From: Comment 2 <comment2@example.com>','Comment 2 <comment2@example.com>','2011-12-05 13:49:04'),(90,'Comment 2 <comment2@example.com>','Your comment has been approved','Dear Comment 2,\n\nYour comment on the article \'Just A Test\' has been approved. Please feel free to visit the URL below to see your comment on the site:\n\nhttp://paynedigital.test/2011/07/just-a-test\n\nKind regards,\n\nPayne Digital\n--\nhttp://paynedigital.test/\n','From: noreply@paynedigital.com','noreply@paynedigital.com','2011-12-05 13:49:06'),(91,'Comment 1 <comment1@example.com>','A new comment has been added','Dear Comment 1,\n\nA new comment has been added on the article \'Just A Test\'. Please feel free to visit the URL below to\nsee the comment on the site:\n\nhttp://paynedigital.test/2011/07/just-a-test\n\nYou\'ve received this email because you previously stated you wanted to receive notifications when\na new comment was added on this article. You instantly unsubscribe from further notifications about\nthis article by following the link below:\n\nhttp://paynedigital.test/comment-unsubscribe/ea5d531002d7a36b638a63792f5b0c472f0a42b6\n\nKind regards,\n\nPayne Digital\n--\nhttp://paynedigital.test/\n','From: noreply@paynedigital.com','noreply@paynedigital.com','2011-12-05 13:49:06'),(92,'nick@paynedigital.com','New comment submission (paynedigital.com)','A new comment has been submitted:\n\nPost: Just A Test (http://paynedigital.test/2011/07/just-a-test)\n\nName:       Comment 3\nEmail:      comment3@example.com\nIP Address: 192.168.2.18\n\nComment\n-------\ncomment 3\n','From: Comment 3 <comment3@example.com>','Comment 3 <comment3@example.com>','2011-12-05 13:49:08'),(93,'Comment 1 <comment1@example.com>','A new comment has been added','Dear Comment 1,\n\nA new comment has been added on the article \'Just A Test\'. Please feel free to visit the URL below to\nsee the comment on the site:\n\nhttp://paynedigital.test/2011/07/just-a-test\n\nYou\'ve received this email because you previously stated you wanted to receive notifications when\na new comment was added on this article. You instantly unsubscribe from further notifications about\nthis article by following the link below:\n\nhttp://paynedigital.test/comment-unsubscribe/ea5d531002d7a36b638a63792f5b0c472f0a42b6\n\nKind regards,\n\nPayne Digital\n--\nhttp://paynedigital.test/\n','From: noreply@paynedigital.com','noreply@paynedigital.com','2011-12-05 13:49:09'),(94,'Comment 2 <comment2@example.com>','A new comment has been added','Dear Comment 2,\n\nA new comment has been added on the article \'Just A Test\'. Please feel free to visit the URL below to\nsee the comment on the site:\n\nhttp://paynedigital.test/2011/07/just-a-test\n\nYou\'ve received this email because you previously stated you wanted to receive notifications when\na new comment was added on this article. You instantly unsubscribe from further notifications about\nthis article by following the link below:\n\nhttp://paynedigital.test/comment-unsubscribe/59831af7eb6e6f8d26b941d98958c100f4129f58\n\nKind regards,\n\nPayne Digital\n--\nhttp://paynedigital.test/\n','From: noreply@paynedigital.com','noreply@paynedigital.com','2011-12-05 13:49:09'),(95,'nick@paynedigital.com','New comment submission (paynedigital.com)','A new comment has been submitted:\n\nPost: Just A Test (http://paynedigital.test/2011/07/just-a-test)\n\nName:       Comment 4\nEmail:      comment4@example.com\nIP Address: 192.168.2.18\n\nComment\n-------\ncomment 4\n','From: Comment 4 <comment4@example.com>','Comment 4 <comment4@example.com>','2011-12-05 13:49:12'),(96,'Comment 2 <comment2@example.com>','A new comment has been added','Dear Comment 2,\n\nA new comment has been added on the article \'Just A Test\'. Please feel free to visit the URL below to\nsee the comment on the site:\n\nhttp://paynedigital.test/2011/07/just-a-test\n\nYou\'ve received this email because you previously stated you wanted to receive notifications when\na new comment was added on this article. You instantly unsubscribe from further notifications about\nthis article by following the link below:\n\nhttp://paynedigital.test/comment-unsubscribe/59831af7eb6e6f8d26b941d98958c100f4129f58\n\nKind regards,\n\nPayne Digital\n--\nhttp://paynedigital.test/\n','From: noreply@paynedigital.com','noreply@paynedigital.com','2011-12-05 13:49:14'),(97,'nick@paynedigital.com','New comment submission (paynedigital.com)','A new comment has been submitted:\n\nPost: Just A Test (http://paynedigital.test/2011/07/just-a-test)\n\nName:       Comment 5\nEmail:      comment5@example.com\nIP Address: 192.168.2.18\n\nComment\n-------\ncomment 5\n','From: Comment 5 <comment5@example.com>','Comment 5 <comment5@example.com>','2011-12-05 13:49:17'),(98,'Another Tester <test5@example.com>','Your comment has been approved','Dear Another Tester,\n\nYour comment on the article \'Another Test Post\' has been approved. Please feel free to visit the URL below to see your comment on the site:\n\nhttp://paynedigital.test2011/09/another-test-post\n\nKind regards,\n\nPayne Digital\n--\nhttp://paynedigital.test\n','From: noreply@paynedigital.com','noreply@paynedigital.com','2011-12-05 13:49:34'),(99,'Test Person 2 <test@example.com>','A new comment has been added','Dear Test Person 2,\n\nA new comment has been added on the article \'Another Test Post\'. Please feel free to visit the URL below to\nsee the comment on the site:\n\nhttp://paynedigital.test2011/09/another-test-post\n\nYou\'ve received this email because you previously stated you wanted to receive notifications when\na new comment was added on this article. You instantly unsubscribe from further notifications about\nthis article by following the link below:\n\nhttp://paynedigital.testcomment-unsubscribe/bd094780c31ed7f1e70449e1fa1c281cd43aa398\n\nKind regards,\n\nPayne Digital\n--\nhttp://paynedigital.test\n','From: noreply@paynedigital.com','noreply@paynedigital.com','2011-12-05 13:49:34'),(100,'Test User 1 <test@example.com>','A new comment has been added','Dear Test User 1,\n\nA new comment has been added on the article \'Another Test Post\'. Please feel free to visit the URL below to\nsee the comment on the site:\n\nhttp://paynedigital.test2011/09/another-test-post\n\nYou\'ve received this email because you previously stated you wanted to receive notifications when\na new comment was added on this article. You instantly unsubscribe from further notifications about\nthis article by following the link below:\n\nhttp://paynedigital.testcomment-unsubscribe/56ec35f5107a6e42c87e3dfc9f944fd7f5b60746\n\nKind regards,\n\nPayne Digital\n--\nhttp://paynedigital.test\n','From: noreply@paynedigital.com','noreply@paynedigital.com','2011-12-05 13:49:34'),(101,'Another Tester <test5@example.com>','Your comment has been approved','Dear Another Tester,\n\nYour comment on the article \'Another Test Post\' has been approved. Please feel free to visit the URL below to see your comment on the site:\n\nhttp://paynedigital.test2011/09/another-test-post\n\nKind regards,\n\nPayne Digital\n--\nhttp://paynedigital.test\n','From: noreply@paynedigital.com','noreply@paynedigital.com','2011-12-05 13:49:34'),(102,'Test Person 2 <test@example.com>','A new comment has been added','Dear Test Person 2,\n\nA new comment has been added on the article \'Another Test Post\'. Please feel free to visit the URL below to\nsee the comment on the site:\n\nhttp://paynedigital.test2011/09/another-test-post\n\nYou\'ve received this email because you previously stated you wanted to receive notifications when\na new comment was added on this article. You instantly unsubscribe from further notifications about\nthis article by following the link below:\n\nhttp://paynedigital.testcomment-unsubscribe/bd094780c31ed7f1e70449e1fa1c281cd43aa398\n\nKind regards,\n\nPayne Digital\n--\nhttp://paynedigital.test\n','From: noreply@paynedigital.com','noreply@paynedigital.com','2011-12-05 13:49:34'),(103,'Test User 1 <test@example.com>','A new comment has been added','Dear Test User 1,\n\nA new comment has been added on the article \'Another Test Post\'. Please feel free to visit the URL below to\nsee the comment on the site:\n\nhttp://paynedigital.test2011/09/another-test-post\n\nYou\'ve received this email because you previously stated you wanted to receive notifications when\na new comment was added on this article. You instantly unsubscribe from further notifications about\nthis article by following the link below:\n\nhttp://paynedigital.testcomment-unsubscribe/56ec35f5107a6e42c87e3dfc9f944fd7f5b60746\n\nKind regards,\n\nPayne Digital\n--\nhttp://paynedigital.test\n','From: noreply@paynedigital.com','noreply@paynedigital.com','2011-12-05 13:49:34'),(104,'nick@paynedigital.com','New comment submission (paynedigital.com)','A new comment has been submitted:\n\nPost: Another Test Post (http://paynedigital.test2011/09/another-test-post)\n\nName:       Test Person\nEmail:      test@example.com\nIP Address: 127.0.0.2\n\nComment\n-------\nThis is a test message\n','From: Test Person <test@example.com>','Test Person <test@example.com>','2011-12-05 13:49:36'),(105,'nick@paynedigital.com','Enquiry via paynedigital.com','You have received the following query from Test Person:\n\nThis is a test message\n\n--\nPayne Digital Ltd\n','From: Test Person <test@example.com>','Test Person <test@example.com>','2011-09-19 00:00:00'),(106,'foo@bar.com','This is a test header','This is a test body','From: an@address.com','an@address.com','2011-09-19 00:00:00'),(107,'Another Tester <test5@example.com>','Your comment has been approved','Dear Another Tester,\n\nYour comment on the article \'Another Test Post\' has been approved. Please feel free to visit the URL below to see your comment on the site:\n\nhttp://paynedigital.test2011/09/another-test-post\n\nKind regards,\n\nPayne Digital\n--\nhttp://paynedigital.test\n','From: noreply@paynedigital.com','noreply@paynedigital.com','2011-12-05 13:54:31'),(108,'Test Person 2 <test@example.com>','A new comment has been added','Dear Test Person 2,\n\nA new comment has been added on the article \'Another Test Post\'. Please feel free to visit the URL below to\nsee the comment on the site:\n\nhttp://paynedigital.test2011/09/another-test-post\n\nYou\'ve received this email because you previously stated you wanted to receive notifications when\na new comment was added on this article. You instantly unsubscribe from further notifications about\nthis article by following the link below:\n\nhttp://paynedigital.testcomment-unsubscribe/bd094780c31ed7f1e70449e1fa1c281cd43aa398\n\nKind regards,\n\nPayne Digital\n--\nhttp://paynedigital.test\n','From: noreply@paynedigital.com','noreply@paynedigital.com','2011-12-05 13:54:31'),(109,'Test User 1 <test@example.com>','A new comment has been added','Dear Test User 1,\n\nA new comment has been added on the article \'Another Test Post\'. Please feel free to visit the URL below to\nsee the comment on the site:\n\nhttp://paynedigital.test2011/09/another-test-post\n\nYou\'ve received this email because you previously stated you wanted to receive notifications when\na new comment was added on this article. You instantly unsubscribe from further notifications about\nthis article by following the link below:\n\nhttp://paynedigital.testcomment-unsubscribe/56ec35f5107a6e42c87e3dfc9f944fd7f5b60746\n\nKind regards,\n\nPayne Digital\n--\nhttp://paynedigital.test\n','From: noreply@paynedigital.com','noreply@paynedigital.com','2011-12-05 13:54:31'),(110,'Another Tester <test5@example.com>','Your comment has been approved','Dear Another Tester,\n\nYour comment on the article \'Another Test Post\' has been approved. Please feel free to visit the URL below to see your comment on the site:\n\nhttp://paynedigital.test2011/09/another-test-post\n\nKind regards,\n\nPayne Digital\n--\nhttp://paynedigital.test\n','From: noreply@paynedigital.com','noreply@paynedigital.com','2011-12-05 13:54:32'),(111,'Test Person 2 <test@example.com>','A new comment has been added','Dear Test Person 2,\n\nA new comment has been added on the article \'Another Test Post\'. Please feel free to visit the URL below to\nsee the comment on the site:\n\nhttp://paynedigital.test2011/09/another-test-post\n\nYou\'ve received this email because you previously stated you wanted to receive notifications when\na new comment was added on this article. You instantly unsubscribe from further notifications about\nthis article by following the link below:\n\nhttp://paynedigital.testcomment-unsubscribe/bd094780c31ed7f1e70449e1fa1c281cd43aa398\n\nKind regards,\n\nPayne Digital\n--\nhttp://paynedigital.test\n','From: noreply@paynedigital.com','noreply@paynedigital.com','2011-12-05 13:54:32'),(112,'Test User 1 <test@example.com>','A new comment has been added','Dear Test User 1,\n\nA new comment has been added on the article \'Another Test Post\'. Please feel free to visit the URL below to\nsee the comment on the site:\n\nhttp://paynedigital.test2011/09/another-test-post\n\nYou\'ve received this email because you previously stated you wanted to receive notifications when\na new comment was added on this article. You instantly unsubscribe from further notifications about\nthis article by following the link below:\n\nhttp://paynedigital.testcomment-unsubscribe/56ec35f5107a6e42c87e3dfc9f944fd7f5b60746\n\nKind regards,\n\nPayne Digital\n--\nhttp://paynedigital.test\n','From: noreply@paynedigital.com','noreply@paynedigital.com','2011-12-05 13:54:32'),(113,'nick@paynedigital.com','New comment submission (paynedigital.com)','A new comment has been submitted:\n\nPost: Another Test Post (http://paynedigital.test2011/09/another-test-post)\n\nName:       Test Person\nEmail:      test@example.com\nIP Address: 127.0.0.2\n\nComment\n-------\nThis is a test message\n','From: Test Person <test@example.com>','Test Person <test@example.com>','2011-12-05 13:54:33'),(114,'nick@paynedigital.com','Enquiry via paynedigital.com','You have received the following query from Test Person:\n\nThis is a test message\n\n--\nPayne Digital Ltd\n','From: Test Person <test@example.com>','Test Person <test@example.com>','2011-09-19 00:00:00'),(115,'foo@bar.com','This is a test header','This is a test body','From: an@address.com','an@address.com','2011-09-19 00:00:00'),(116,'nick@paynedigital.com','New comment submission (paynedigital.com)','A new comment has been submitted:\n\nPost: Just A Test (http://paynedigital.test/2011/07/just-a-test)\n\nName:       Comment 1\nEmail:      comment1@example.com\nIP Address: 192.168.2.18\n\nComment\n-------\ncomment 1\n','From: Comment 1 <comment1@example.com>','Comment 1 <comment1@example.com>','2011-12-05 14:03:26'),(117,'Comment 1 <comment1@example.com>','Your comment has been approved','Dear Comment 1,\n\nYour comment on the article \'Just A Test\' has been approved. Please feel free to visit the URL below to see your comment on the site:\n\nhttp://paynedigital.test/2011/07/just-a-test\n\nKind regards,\n\nPayne Digital\n--\nhttp://paynedigital.test/\n','From: noreply@paynedigital.com','noreply@paynedigital.com','2011-12-05 14:03:30'),(118,'nick@paynedigital.com','New comment submission (paynedigital.com)','A new comment has been submitted:\n\nPost: Just A Test (http://paynedigital.test/2011/07/just-a-test)\n\nName:       Comment 1\nEmail:      comment1@example.com\nIP Address: 192.168.2.18\n\nComment\n-------\ncomment 1\n','From: Comment 1 <comment1@example.com>','Comment 1 <comment1@example.com>','2011-12-05 14:03:32'),(119,'Comment 1 <comment1@example.com>','Your comment has been approved','Dear Comment 1,\n\nYour comment on the article \'Just A Test\' has been approved. Please feel free to visit the URL below to see your comment on the site:\n\nhttp://paynedigital.test/2011/07/just-a-test\n\nKind regards,\n\nPayne Digital\n--\nhttp://paynedigital.test/\n','From: noreply@paynedigital.com','noreply@paynedigital.com','2011-12-05 14:03:34'),(120,'nick@paynedigital.com','New comment submission (paynedigital.com)','A new comment has been submitted:\n\nPost: Another Test Post (http://paynedigital.test/2011/09/another-test-post)\n\nName:       Test User\nEmail:      test@example.com\nIP Address: 192.168.2.18\n\nComment\n-------\nThis is a test comment generated at 2011-12-05 14:06:09\n','From: Test User <test@example.com>','Test User <test@example.com>','2011-12-05 14:06:10'),(121,'nick@paynedigital.com','Enquiry via paynedigital.com','You have received the following query from Test User:\n\nThis is a test enquiry generated at 2011-12-05 14:06:32\n\n--\nPayne Digital Ltd\n','From: Test User <test@example.com>','Test User <test@example.com>','2011-12-05 14:06:33'),(122,'nick@paynedigital.com','New comment submission (paynedigital.com)','A new comment has been submitted:\n\nPost: Just A Test (http://paynedigital.test/2011/07/just-a-test)\n\nName:       Comment 1\nEmail:      comment1@example.com\nIP Address: 192.168.2.18\n\nComment\n-------\ncomment 1\n','From: Comment 1 <comment1@example.com>','Comment 1 <comment1@example.com>','2011-12-05 14:07:26'),(123,'Comment 1 <comment1@example.com>','Your comment has been approved','Dear Comment 1,\n\nYour comment on the article \'Just A Test\' has been approved. Please feel free to visit the URL below to see your comment on the site:\n\nhttp://paynedigital.test/2011/07/just-a-test\n\nKind regards,\n\nPayne Digital\n--\nhttp://paynedigital.test/\n','From: noreply@paynedigital.com','noreply@paynedigital.com','2011-12-05 14:07:29'),(124,'nick@paynedigital.com','New comment submission (paynedigital.com)','A new comment has been submitted:\n\nPost: Just A Test (http://paynedigital.test/2011/07/just-a-test)\n\nName:       Comment 2\nEmail:      comment2@example.com\nIP Address: 192.168.2.18\n\nComment\n-------\ncomment 2\n','From: Comment 2 <comment2@example.com>','Comment 2 <comment2@example.com>','2011-12-05 14:07:31'),(125,'Comment 2 <comment2@example.com>','Your comment has been approved','Dear Comment 2,\n\nYour comment on the article \'Just A Test\' has been approved. Please feel free to visit the URL below to see your comment on the site:\n\nhttp://paynedigital.test/2011/07/just-a-test\n\nKind regards,\n\nPayne Digital\n--\nhttp://paynedigital.test/\n','From: noreply@paynedigital.com','noreply@paynedigital.com','2011-12-05 14:07:33'),(126,'Comment 1 <comment1@example.com>','A new comment has been added','Dear Comment 1,\n\nA new comment has been added on the article \'Just A Test\'. Please feel free to visit the URL below to\nsee the comment on the site:\n\nhttp://paynedigital.test/2011/07/just-a-test\n\nYou\'ve received this email because you previously stated you wanted to receive notifications when\na new comment was added on this article. You instantly unsubscribe from further notifications about\nthis article by following the link below:\n\nhttp://paynedigital.test/comment-unsubscribe/ea5d531002d7a36b638a63792f5b0c472f0a42b6\n\nKind regards,\n\nPayne Digital\n--\nhttp://paynedigital.test/\n','From: noreply@paynedigital.com','noreply@paynedigital.com','2011-12-05 14:07:33'),(127,'nick@paynedigital.com','New comment submission (paynedigital.com)','A new comment has been submitted:\n\nPost: Just A Test (http://paynedigital.test/2011/07/just-a-test)\n\nName:       Comment 3\nEmail:      comment3@example.com\nIP Address: 192.168.2.18\n\nComment\n-------\ncomment 3\n','From: Comment 3 <comment3@example.com>','Comment 3 <comment3@example.com>','2011-12-05 14:07:35'),(128,'Comment 1 <comment1@example.com>','A new comment has been added','Dear Comment 1,\n\nA new comment has been added on the article \'Just A Test\'. Please feel free to visit the URL below to\nsee the comment on the site:\n\nhttp://paynedigital.test/2011/07/just-a-test\n\nYou\'ve received this email because you previously stated you wanted to receive notifications when\na new comment was added on this article. You instantly unsubscribe from further notifications about\nthis article by following the link below:\n\nhttp://paynedigital.test/comment-unsubscribe/ea5d531002d7a36b638a63792f5b0c472f0a42b6\n\nKind regards,\n\nPayne Digital\n--\nhttp://paynedigital.test/\n','From: noreply@paynedigital.com','noreply@paynedigital.com','2011-12-05 14:07:37'),(129,'Comment 2 <comment2@example.com>','A new comment has been added','Dear Comment 2,\n\nA new comment has been added on the article \'Just A Test\'. Please feel free to visit the URL below to\nsee the comment on the site:\n\nhttp://paynedigital.test/2011/07/just-a-test\n\nYou\'ve received this email because you previously stated you wanted to receive notifications when\na new comment was added on this article. You instantly unsubscribe from further notifications about\nthis article by following the link below:\n\nhttp://paynedigital.test/comment-unsubscribe/59831af7eb6e6f8d26b941d98958c100f4129f58\n\nKind regards,\n\nPayne Digital\n--\nhttp://paynedigital.test/\n','From: noreply@paynedigital.com','noreply@paynedigital.com','2011-12-05 14:07:37'),(130,'nick@paynedigital.com','New comment submission (paynedigital.com)','A new comment has been submitted:\n\nPost: Just A Test (http://paynedigital.test/2011/07/just-a-test)\n\nName:       Comment 4\nEmail:      comment4@example.com\nIP Address: 192.168.2.18\n\nComment\n-------\ncomment 4\n','From: Comment 4 <comment4@example.com>','Comment 4 <comment4@example.com>','2011-12-05 14:07:40'),(131,'Comment 2 <comment2@example.com>','A new comment has been added','Dear Comment 2,\n\nA new comment has been added on the article \'Just A Test\'. Please feel free to visit the URL below to\nsee the comment on the site:\n\nhttp://paynedigital.test/2011/07/just-a-test\n\nYou\'ve received this email because you previously stated you wanted to receive notifications when\na new comment was added on this article. You instantly unsubscribe from further notifications about\nthis article by following the link below:\n\nhttp://paynedigital.test/comment-unsubscribe/59831af7eb6e6f8d26b941d98958c100f4129f58\n\nKind regards,\n\nPayne Digital\n--\nhttp://paynedigital.test/\n','From: noreply@paynedigital.com','noreply@paynedigital.com','2011-12-05 14:07:43'),(132,'nick@paynedigital.com','New comment submission (paynedigital.com)','A new comment has been submitted:\n\nPost: Just A Test (http://paynedigital.test/2011/07/just-a-test)\n\nName:       Comment 5\nEmail:      comment5@example.com\nIP Address: 192.168.2.18\n\nComment\n-------\ncomment 5\n','From: Comment 5 <comment5@example.com>','Comment 5 <comment5@example.com>','2011-12-05 14:07:47'),(133,'nick@paynedigital.com','New comment submission (paynedigital.com)','A new comment has been submitted:\n\nPost: Just A Test (http://paynedigital.test/2011/07/just-a-test)\n\nName:       Comment 1\nEmail:      comment1@example.com\nIP Address: 192.168.2.18\n\nComment\n-------\ncomment 1\n','From: Comment 1 <comment1@example.com>','Comment 1 <comment1@example.com>','2011-12-05 14:08:01'),(134,'Comment 1 <comment1@example.com>','Your comment has been approved','Dear Comment 1,\n\nYour comment on the article \'Just A Test\' has been approved. Please feel free to visit the URL below to see your comment on the site:\n\nhttp://paynedigital.test/2011/07/just-a-test\n\nKind regards,\n\nPayne Digital\n--\nhttp://paynedigital.test/\n','From: noreply@paynedigital.com','noreply@paynedigital.com','2011-12-05 14:08:04'),(135,'nick@paynedigital.com','New comment submission (paynedigital.com)','A new comment has been submitted:\n\nPost: Just A Test (http://paynedigital.test/2011/07/just-a-test)\n\nName:       Comment 1\nEmail:      comment1@example.com\nIP Address: 192.168.2.18\n\nComment\n-------\ncomment 1\n','From: Comment 1 <comment1@example.com>','Comment 1 <comment1@example.com>','2011-12-05 14:08:06'),(136,'Comment 1 <comment1@example.com>','Your comment has been approved','Dear Comment 1,\n\nYour comment on the article \'Just A Test\' has been approved. Please feel free to visit the URL below to see your comment on the site:\n\nhttp://paynedigital.test/2011/07/just-a-test\n\nKind regards,\n\nPayne Digital\n--\nhttp://paynedigital.test/\n','From: noreply@paynedigital.com','noreply@paynedigital.com','2011-12-05 14:08:07');
/*!40000 ALTER TABLE `test_emails` ENABLE KEYS */;
UNLOCK TABLES;

--
-- Table structure for table `users`
--

DROP TABLE IF EXISTS `users`;
/*!40101 SET @saved_cs_client     = @@character_set_client */;
/*!40101 SET character_set_client = utf8 */;
CREATE TABLE `users` (
  `id` int(10) unsigned NOT NULL AUTO_INCREMENT,
  `email` varchar(255) COLLATE utf8_unicode_ci NOT NULL,
  `password` varchar(255) COLLATE utf8_unicode_ci NOT NULL,
  `forename` varchar(255) COLLATE utf8_unicode_ci NOT NULL,
  `surname` varchar(255) COLLATE utf8_unicode_ci NOT NULL,
  `twitter_username` varchar(20) COLLATE utf8_unicode_ci NOT NULL,
  `created` datetime NOT NULL,
  `updated` datetime NOT NULL,
  PRIMARY KEY (`id`),
  KEY `email` (`email`),
  KEY `password` (`password`)
) ENGINE=MyISAM AUTO_INCREMENT=3 DEFAULT CHARSET=utf8 COLLATE=utf8_unicode_ci;
/*!40101 SET character_set_client = @saved_cs_client */;

--
-- Dumping data for table `users`
--

LOCK TABLES `users` WRITE;
/*!40000 ALTER TABLE `users` DISABLE KEYS */;
INSERT INTO `users` VALUES (1,'test@example.com','5b97e1499159553e87e7bb1566ee8ed2aa228dc8','Test','User','testuser','2011-09-14 19:12:38','2011-09-14 19:12:38'),(2,'another.test@example.com','5b97e1499159553e87e7bb1566ee8ed2aa228dc8','Another','Tester','anotherUser','2011-09-14 19:12:38','2011-09-14 19:12:38');
/*!40000 ALTER TABLE `users` ENABLE KEYS */;
UNLOCK TABLES;
/*!40103 SET TIME_ZONE=@OLD_TIME_ZONE */;

/*!40101 SET SQL_MODE=@OLD_SQL_MODE */;
/*!40014 SET FOREIGN_KEY_CHECKS=@OLD_FOREIGN_KEY_CHECKS */;
/*!40014 SET UNIQUE_CHECKS=@OLD_UNIQUE_CHECKS */;
/*!40101 SET CHARACTER_SET_CLIENT=@OLD_CHARACTER_SET_CLIENT */;
/*!40101 SET CHARACTER_SET_RESULTS=@OLD_CHARACTER_SET_RESULTS */;
/*!40101 SET COLLATION_CONNECTION=@OLD_COLLATION_CONNECTION */;
/*!40111 SET SQL_NOTES=@OLD_SQL_NOTES */;

-- Dump completed on 2012-01-25 21:18:01
